Model,Test RMSE,Test R2,CV RMSE (mean),CV RMSE (std)
Random Forest (Best),144.4625541546249,-0.005112897888230217,144.63019668372664,2.7910643330124647
XGBoost,157.38777607819878,-0.19301599211000053,159.62943144879173,5.600926539233698
Linear Regression,145.5923743861312,-0.020896054446012835,143.84481405471044,2.7239614503895333
